Hugo_Symbol;Protein_Change;Sample_ID;Mutation_Type
SLC34A2;D68G;TCGA-B6-A0WX-01;Missense_Mutation
SLC34A2;G551C;TCGA-DR-A0ZM-01;Missense_Mutation
SLC34A2;A121T;TCGA-WL-A834-01;Missense_Mutation
SLC34A2;P584L;TCGA-A6-6781-01;Missense_Mutation
SLC34A2;G546D;TCGA-D5-6540-01;Missense_Mutation
SLC34A2;A473T;TCGA-CQ-6228-01;Missense_Mutation
SLC34A2;Y503H;TCGA-IQ-A61E-01;Missense_Mutation
SLC34A2;G216V;TCGA-QK-A6VB-01;Missense_Mutation
SLC34A2;L156F;TCGA-DD-A3A3-01;Missense_Mutation
SLC34A2;R598C;TCGA-HP-A5N0-01;Missense_Mutation
SLC34A2;P52L;TCGA-75-5126-01;Missense_Mutation
SLC34A2;V228E;TCGA-97-8177-01;Missense_Mutation
SLC34A2;G559W;TCGA-LA-A446-01;Missense_Mutation
SLC34A2;G191A;TCGA-13-0884-01;Missense_Mutation
SLC34A2;V563del;TCGA-3N-A9WC-06;In_Frame_Del
SLC34A2;P506L;TCGA-D3-A1Q1-06;Missense_Mutation
SLC34A2;L264del;TCGA-D3-A5GN-06;In_Frame_Del
SLC34A2;A396T;TCGA-EE-A29E-06;Missense_Mutation
SLC34A2;G257A;TCGA-EE-A3AF-06;Missense_Mutation
SLC34A2;G257E;TCGA-ER-A19P-06;Missense_Mutation
SLC34A2;P183H;TCGA-FW-A3R5-06;Missense_Mutation
SLC34A2;S372F;TCGA-FW-A5DY-06;Missense_Mutation
SLC34A2;S484L;TCGA-GN-A4U3-06;Missense_Mutation
SLC34A2;G205E;TCGA-W3-AA1V-06;Missense_Mutation
SLC34A2;Q431H;TCGA-CG-5721-01;Missense_Mutation
SLC34A2;P410S;TCGA-ZB-A966-01;Missense_Mutation
SLC34A2;P506R;TCGA-B5-A3FA-01;Missense_Mutation
SLC34A2;R578C;TCGA-B5-A3FC-01;Missense_Mutation
SLC34A2;G146R;TCGA-BK-A6W3-01;Missense_Mutation
SLC34A2;R179W;GENIE-DFCI-052738-249863;Missense_Mutation
SLC34A2;P410L;TCGA-EO-A22X-01;Missense_Mutation
SLC34A2;D221V;TCGA-EO-A3KX-01;Missense_Mutation
SLC34A2;A396T;TCGA-EY-A1H0-01;Missense_Mutation
SLC34A2;N295S;TCGA-N7-A4Y0-01;Missense_Mutation
SLC34A2;A396T;GENIE-DFCI-003670-1358661;Missense_Mutation
SLC34A2;K400N;GENIE-DFCI-032842-74624;Missense_Mutation
SLC34A2;D86Y;GENIE-DFCI-000735-437254;Missense_Mutation
SLC34A2;R526C;GENIE-DFCI-037808-74230;Missense_Mutation
SLC34A2;K300N;GENIE-DFCI-037905-74209;Missense_Mutation
SLC34A2;S389Y;GENIE-DFCI-036496-74139;Missense_Mutation
SLC34A2;T437M;GENIE-DFCI-036613-74758;Missense_Mutation
SLC34A2;P410H;GENIE-DFCI-036793-74802;Missense_Mutation
SLC34A2;P594A;GENIE-DFCI-037043-88720;Missense_Mutation
SLC34A2;P506S;GENIE-DFCI-039011-188358;Missense_Mutation
SLC34A2;C490W;GENIE-DFCI-040756-250190;Missense_Mutation
SLC34A2;P360Q;GENIE-DFCI-028374-130651;Missense_Mutation
SLC34A2;Y503C;GENIE-DFCI-037855-130656;Missense_Mutation
SLC34A2;P511S;GENIE-DFCI-038268-249918;Missense_Mutation
SLC34A2;G425R;GENIE-DFCI-039771-250276;Missense_Mutation
SLC34A2;R509H;GENIE-DFCI-036425-130497;Missense_Mutation
SLC34A2;L264P;GENIE-DFCI-091107-266272;Missense_Mutation
SLC34A2;G498D;GENIE-DFCI-053422-173688;Missense_Mutation
SLC34A2;P504L;TCGA-EO-A22U-01;Missense_Mutation
SLC34A2;P504L;GENIE-DFCI-052794-217452;Missense_Mutation
SLC34A2;K273M;GENIE-DFCI-053380-173897;Missense_Mutation
SLC34A2;P233L;GENIE-DFCI-037710-158976;Missense_Mutation
SLC34A2;T154A;GENIE-DFCI-050723-249877;Missense_Mutation
SLC34A2;W70R;GENIE-DFCI-050697-250186;Missense_Mutation
SLC34A2;S434F;GENIE-DFCI-089833-299055;Missense_Mutation
SLC34A2;P52L;GENIE-DFCI-089825-266138;Missense_Mutation
SLC34A2;P52R;GENIE-DFCI-090170-266320;Missense_Mutation
SLC34A2;A181V;GENIE-DFCI-090505-299076;Missense_Mutation
SLC34A2;F538del;GENIE-DFCI-095111-526448;In_Frame_Del
SLC34A2;T218S;GENIE-DFCI-096274-526334;Missense_Mutation
SLC34A2;P410L;GENIE-DFCI-080823-332662;Missense_Mutation
SLC34A2;T154A;GENIE-DFCI-106311-526475;Missense_Mutation
SLC34A2;D86Y;GENIE-DFCI-078378-315922;Missense_Mutation
SLC34A2;P504L;GENIE-DFCI-090499-349899;Missense_Mutation
SLC34A2;R578C;GENIE-DFCI-090554-350287;Missense_Mutation
SLC34A2;S318W;GENIE-DFCI-091504-350430;Missense_Mutation
SLC34A2;R598C;GENIE-DFCI-107934-436804;Missense_Mutation
SLC34A2;T468A;GENIE-DFCI-109791-571769;Missense_Mutation
SLC34A2;P561S;GENIE-DFCI-110210-663924;Missense_Mutation
SLC34A2;G257R;GENIE-DFCI-111571-664188;Missense_Mutation
SLC34A2;R526H;GENIE-DFCI-111089-853117;Missense_Mutation
SLC34A2;R179W;GENIE-DFCI-101296-950548;Missense_Mutation
SLC34A2;G498S;GENIE-DFCI-101301-950542;Missense_Mutation
SLC34A2;T154A;GENIE-DFCI-101301-805362;Missense_Mutation
SLC34A2;P317L;GENIE-DFCI-101301-1525779;Missense_Mutation
SLC34A2;V157G;GENIE-DFCI-101301-1844971;Missense_Mutation
SLC34A2;P270H;GENIE-DFCI-119505-1049718;Missense_Mutation
SLC34A2;A217P;GENIE-DFCI-140592-1000068;Missense_Mutation
SLC34A2;S159N;GENIE-DFCI-140592-1469688;Missense_Mutation
SLC34A2;S318W;GENIE-DFCI-110181-757261;Missense_Mutation
SLC34A2;A628_R640del;GENIE-DFCI-111556-950616;In_Frame_Del
SLC34A2;S163L;GENIE-DFCI-134783-1150012;Missense_Mutation
SLC34A2;I149_V153del;GENIE-DFCI-118399-710832;In_Frame_Del
SLC34A2;S599L;GENIE-DFCI-119230-1304442;Missense_Mutation
SLC34A2;L229S;GENIE-DFCI-120201-1414054;Missense_Mutation
SLC34A2;R598C;GENIE-DFCI-120373-1358825;Missense_Mutation
SLC34A2;D634_P636del;GENIE-DFCI-131599-1469635;In_Frame_Del
SLC34A2;C621_C622del;GENIE-DFCI-132152-1358522;In_Frame_Del
SLC34A2;V624_R627del;GENIE-DFCI-132176-1358911;In_Frame_Del
SLC34A2;P584T;GENIE-DFCI-135643-1304225;Missense_Mutation
SLC34A2;A473V;GENIE-DFCI-137389-1252033;Missense_Mutation
SLC34A2;L500W;GENIE-DFCI-137827-1304403;Missense_Mutation
SLC34A2;T468A;GENIE-DFCI-168006-1672268;Missense_Mutation
SLC34A2;Y503F;GENIE-DFCI-168402-1729385;Missense_Mutation
SLC34A2;S461C;DO228974;Missense_Mutation
SLC34A2;S461C;DO229022;Missense_Mutation
SLC34A2;S461C;TCGA-EE-A3AF-06;Missense_Mutation
SLC34A2;S461C;TCGA-DF-A2KU-01;Missense_Mutation
SLC34A2;S318W;TCGA-EO-A3KX-01;Missense_Mutation
SLC34A2;G257R;GENIE-DFCI-052794-217452;Missense_Mutation
SLC34A2;G150E;GENIE-DFCI-107633-571716;Missense_Mutation
SLC34A2;G150E;GENIE-DFCI-117916-710795;Missense_Mutation
SLC34A2;V171A;GENIE-DFCI-135667-999854;Missense_Mutation
SLC34A2;L108F;TCGA-75-6207-01;Missense_Mutation
SLC34A2;T154A;TCGA-17-Z020-01;Missense_Mutation
SLC34A2;G425R;GENIE-DFCI-037706-158964;Missense_Mutation
SLC34A2;I403del;GENIE-DFCI-091511-350714;In_Frame_Del
SLC34A2;L229S;GENIE-DFCI-107096-436209;Missense_Mutation
SLC34A2;I451F;GENIE-DFCI-108419-437134;Missense_Mutation
SLC34A2;G423R;GENIE-DFCI-108459-436939;Missense_Mutation
SLC34A2;K90E;GENIE-DFCI-109705-481596;Missense_Mutation
SLC34A2;P584L;GENIE-DFCI-122386-1099685;Missense_Mutation
SLC34A2;V563del;GENIE-DFCI-120863-1304343;In_Frame_Del
SLC34A2;K281del;GENIE-DFCI-129443-1304474;In_Frame_Del
SLC34A2;V558G;GENIE-DFCI-132225-1358675;Missense_Mutation
SLC34A2;G365S;GENIE-DFCI-137840-1304417;Missense_Mutation
SLC34A2;V282A;GENIE-DFCI-143452-1358737;Missense_Mutation
SLC34A2;I451F;GENIE-DFCI-168459-1729437;Missense_Mutation
SLC34A2;I383T;GENIE-DFCI-110223-853011;Missense_Mutation
SLC34A2;L175S;GENIE-DFCI-110223-853012;Missense_Mutation
SLC34A2;A473T;GENIE-DFCI-110223-853013;Missense_Mutation
SLC34A2;I429S;GENIE-DFCI-110223-853014;Missense_Mutation
SLC34A2;F223_N224delinsY;GENIE-DFCI-110223-853015;In_Frame_Ins
SLC34A2;R179W;GENIE-DFCI-110223-853016;Missense_Mutation
SLC34A2;F538del;GENIE-DFCI-110223-853017;In_Frame_Del
SLC34A2;P506R;GENIE-DFCI-110223-853018;Missense_Mutation
SLC34A2;S438L;GENIE-DFCI-110223-853019;Missense_Mutation
SLC34A2;F538del;GENIE-DFCI-110223-853020;In_Frame_Del
SLC34A2;S318W;GENIE-DFCI-110223-853021;Missense_Mutation
SLC34A2;A473T;GENIE-DFCI-110223-853022;Missense_Mutation
SLC34A2;T154A;GENIE-DFCI-110223-853023;Missense_Mutation
SLC34A2;T154A;GENIE-DFCI-110223-853024;Missense_Mutation
SLC34A2;Y503H;GENIE-DFCI-110223-853025;Missense_Mutation
SLC34A2;S297I;GENIE-DFCI-110223-853026;Missense_Mutation
SLC34A2;V558F;GENIE-DFCI-110223-853027;Missense_Mutation
SLC34A2;S438L;GENIE-DFCI-110223-853028;Missense_Mutation
SLC34A2;P506S;GENIE-DFCI-110223-853029;Missense_Mutation
SLC34A2;P506S;GENIE-DFCI-110223-853030;Missense_Mutation
SLC34A2;D86Y;GENIE-DFCI-110223-853031;Missense_Mutation
SLC34A2;G205R;GENIE-DFCI-110223-853032;Missense_Mutation
SLC34A2;L572P;GENIE-DFCI-110223-853033;Missense_Mutation
SLC34A2;A550T;GENIE-DFCI-110223-853034;Missense_Mutation
SLC34A2;C645Y;GENIE-DFCI-110223-853035;Missense_Mutation
SLC34A2;A396T;GENIE-DFCI-110223-853036;Missense_Mutation
SLC34A2;R513C;GENIE-DFCI-110223-853037;Missense_Mutation
SLC34A2;V299_W302delinsG;GENIE-DFCI-110223-853038;In_Frame_Ins
SLC34A2;A213T;GENIE-DFCI-110223-853039;Missense_Mutation
SLC34A2;S114F;GENIE-DFCI-110223-853040;Missense_Mutation
SLC34A2;S174L;GENIE-DFCI-110223-853041;Missense_Mutation
